"filename", "language", "Java", "HTML", "JavaScript", "XML", "CSS", "Batch", "Java Properties", "comment", "blank", "total"
"c:\Users\mmduk\OneDrive\Documents\advanced-workspace\politicone.com\.mvn\wrapper\maven-wrapper.properties", "Java Properties", 0, 0, 0, 0, 0, 0, 1, 0, 1, 2
"c:\Users\mmduk\OneDrive\Documents\advanced-workspace\politicone.com\mvnw.cmd", "Batch", 0, 0, 0, 0, 0, 67, 0, 45, 32, 144
"c:\Users\mmduk\OneDrive\Documents\advanced-workspace\politicone.com\pom.xml", "XML", 0, 0, 0, 146, 0, 0, 0, 3, 26, 175
"c:\Users\mmduk\OneDrive\Documents\advanced-workspace\politicone.com\src\main\java\com\magma\quantum\politicone\PoliticoneApplication.java", "Java", 11, 0, 0, 0, 0, 0, 0, 0, 5, 16
"c:\Users\mmduk\OneDrive\Documents\advanced-workspace\politicone.com\src\main\java\com\magma\quantum\politicone\config\SwaggerConfig.java", "Java", 20, 0, 0, 0, 0, 0, 0, 0, 6, 26
"c:\Users\mmduk\OneDrive\Documents\advanced-workspace\politicone.com\src\main\java\com\magma\quantum\politicone\controllers\CelluleController.java", "Java", 65, 0, 0, 0, 0, 0, 0, 0, 21, 86
"c:\Users\mmduk\OneDrive\Documents\advanced-workspace\politicone.com\src\main\java\com\magma\quantum\politicone\controllers\CommissionController.java", "Java", 65, 0, 0, 0, 0, 0, 0, 0, 20, 85
"c:\Users\mmduk\OneDrive\Documents\advanced-workspace\politicone.com\src\main\java\com\magma\quantum\politicone\controllers\CommuneArrondController.java", "Java", 65, 0, 0, 0, 0, 0, 0, 0, 21, 86
"c:\Users\mmduk\OneDrive\Documents\advanced-workspace\politicone.com\src\main\java\com\magma\quantum\politicone\controllers\CommuneController.java", "Java", 65, 0, 0, 0, 0, 0, 0, 0, 21, 86
"c:\Users\mmduk\OneDrive\Documents\advanced-workspace\politicone.com\src\main\java\com\magma\quantum\politicone\controllers\CommunicationController.java", "Java", 65, 0, 0, 0, 0, 0, 0, 0, 19, 84
"c:\Users\mmduk\OneDrive\Documents\advanced-workspace\politicone.com\src\main\java\com\magma\quantum\politicone\controllers\CoordinationController.java", "Java", 65, 0, 0, 0, 0, 0, 0, 0, 20, 85
"c:\Users\mmduk\OneDrive\Documents\advanced-workspace\politicone.com\src\main\java\com\magma\quantum\politicone\controllers\DepartementController.java", "Java", 66, 0, 0, 0, 0, 0, 0, 0, 21, 87
"c:\Users\mmduk\OneDrive\Documents\advanced-workspace\politicone.com\src\main\java\com\magma\quantum\politicone\controllers\EntiteController.java", "Java", 58, 0, 0, 0, 0, 0, 0, 0, 13, 71
"c:\Users\mmduk\OneDrive\Documents\advanced-workspace\politicone.com\src\main\java\com\magma\quantum\politicone\controllers\FederationController.java", "Java", 65, 0, 0, 0, 0, 0, 0, 0, 21, 86
"c:\Users\mmduk\OneDrive\Documents\advanced-workspace\politicone.com\src\main\java\com\magma\quantum\politicone\controllers\GradeController.java", "Java", 55, 0, 0, 0, 0, 0, 0, 0, 20, 75
"c:\Users\mmduk\OneDrive\Documents\advanced-workspace\politicone.com\src\main\java\com\magma\quantum\politicone\controllers\LigueController.java", "Java", 65, 0, 0, 0, 0, 0, 0, 0, 22, 87
"c:\Users\mmduk\OneDrive\Documents\advanced-workspace\politicone.com\src\main\java\com\magma\quantum\politicone\controllers\PaysController.java", "Java", 65, 0, 0, 0, 0, 0, 0, 0, 22, 87
"c:\Users\mmduk\OneDrive\Documents\advanced-workspace\politicone.com\src\main\java\com\magma\quantum\politicone\controllers\QuartierController.java", "Java", 65, 0, 0, 0, 0, 0, 0, 0, 18, 83
"c:\Users\mmduk\OneDrive\Documents\advanced-workspace\politicone.com\src\main\java\com\magma\quantum\politicone\controllers\RegionController.java", "Java", 67, 0, 0, 0, 0, 0, 0, 0, 21, 88
"c:\Users\mmduk\OneDrive\Documents\advanced-workspace\politicone.com\src\main\java\com\magma\quantum\politicone\controllers\RoleController.java", "Java", 59, 0, 0, 0, 0, 0, 0, 0, 20, 79
"c:\Users\mmduk\OneDrive\Documents\advanced-workspace\politicone.com\src\main\java\com\magma\quantum\politicone\controllers\UserController.java", "Java", 76, 0, 0, 0, 0, 0, 0, 0, 23, 99
"c:\Users\mmduk\OneDrive\Documents\advanced-workspace\politicone.com\src\main\java\com\magma\quantum\politicone\controllers\VillageController.java", "Java", 65, 0, 0, 0, 0, 0, 0, 0, 22, 87
"c:\Users\mmduk\OneDrive\Documents\advanced-workspace\politicone.com\src\main\java\com\magma\quantum\politicone\controllers\VilleController.java", "Java", 65, 0, 0, 0, 0, 0, 0, 0, 22, 87
"c:\Users\mmduk\OneDrive\Documents\advanced-workspace\politicone.com\src\main\java\com\magma\quantum\politicone\dto\ReservationRequest.java", "Java", 66, 0, 0, 0, 0, 0, 0, 24, 9, 99
"c:\Users\mmduk\OneDrive\Documents\advanced-workspace\politicone.com\src\main\java\com\magma\quantum\politicone\dto\ReservationUpdateRequest.java", "Java", 14, 0, 0, 0, 0, 0, 0, 9, 3, 26
"c:\Users\mmduk\OneDrive\Documents\advanced-workspace\politicone.com\src\main\java\com\magma\quantum\politicone\entities\AbstractEntity.java", "Java", 44, 0, 0, 0, 0, 0, 0, 6, 12, 62
"c:\Users\mmduk\OneDrive\Documents\advanced-workspace\politicone.com\src\main\java\com\magma\quantum\politicone\entities\Cellule.java", "Java", 53, 0, 0, 0, 0, 0, 0, 0, 10, 63
"c:\Users\mmduk\OneDrive\Documents\advanced-workspace\politicone.com\src\main\java\com\magma\quantum\politicone\entities\Commission.java", "Java", 53, 0, 0, 0, 0, 0, 0, 0, 9, 62
"c:\Users\mmduk\OneDrive\Documents\advanced-workspace\politicone.com\src\main\java\com\magma\quantum\politicone\entities\Commune.java", "Java", 72, 0, 0, 0, 0, 0, 0, 0, 19, 91
"c:\Users\mmduk\OneDrive\Documents\advanced-workspace\politicone.com\src\main\java\com\magma\quantum\politicone\entities\CommuneArrond.java", "Java", 73, 0, 0, 0, 0, 0, 0, 0, 10, 83
"c:\Users\mmduk\OneDrive\Documents\advanced-workspace\politicone.com\src\main\java\com\magma\quantum\politicone\entities\Communication.java", "Java", 69, 0, 0, 0, 0, 0, 0, 0, 13, 82
"c:\Users\mmduk\OneDrive\Documents\advanced-workspace\politicone.com\src\main\java\com\magma\quantum\politicone\entities\Coordination.java", "Java", 56, 0, 0, 0, 0, 0, 0, 0, 11, 67
"c:\Users\mmduk\OneDrive\Documents\advanced-workspace\politicone.com\src\main\java\com\magma\quantum\politicone\entities\Departement.java", "Java", 72, 0, 0, 0, 0, 0, 0, 0, 18, 90
"c:\Users\mmduk\OneDrive\Documents\advanced-workspace\politicone.com\src\main\java\com\magma\quantum\politicone\entities\Entite.java", "Java", 69, 0, 0, 0, 0, 0, 0, 0, 13, 82
"c:\Users\mmduk\OneDrive\Documents\advanced-workspace\politicone.com\src\main\java\com\magma\quantum\politicone\entities\Federation.java", "Java", 68, 0, 0, 0, 0, 0, 0, 0, 18, 86
"c:\Users\mmduk\OneDrive\Documents\advanced-workspace\politicone.com\src\main\java\com\magma\quantum\politicone\entities\Grade.java", "Java", 56, 0, 0, 0, 0, 0, 0, 0, 17, 73
"c:\Users\mmduk\OneDrive\Documents\advanced-workspace\politicone.com\src\main\java\com\magma\quantum\politicone\entities\Ligue.java", "Java", 56, 0, 0, 0, 0, 0, 0, 0, 16, 72
"c:\Users\mmduk\OneDrive\Documents\advanced-workspace\politicone.com\src\main\java\com\magma\quantum\politicone\entities\Pays.java", "Java", 72, 0, 0, 0, 0, 0, 0, 0, 20, 92
"c:\Users\mmduk\OneDrive\Documents\advanced-workspace\politicone.com\src\main\java\com\magma\quantum\politicone\entities\Quartier.java", "Java", 60, 0, 0, 0, 0, 0, 0, 0, 9, 69
"c:\Users\mmduk\OneDrive\Documents\advanced-workspace\politicone.com\src\main\java\com\magma\quantum\politicone\entities\Region.java", "Java", 95, 0, 0, 0, 0, 0, 0, 0, 25, 120
"c:\Users\mmduk\OneDrive\Documents\advanced-workspace\politicone.com\src\main\java\com\magma\quantum\politicone\entities\Role.java", "Java", 32, 0, 0, 0, 0, 0, 0, 0, 19, 51
"c:\Users\mmduk\OneDrive\Documents\advanced-workspace\politicone.com\src\main\java\com\magma\quantum\politicone\entities\User.java", "Java", 162, 0, 0, 0, 0, 0, 0, 30, 14, 206
"c:\Users\mmduk\OneDrive\Documents\advanced-workspace\politicone.com\src\main\java\com\magma\quantum\politicone\entities\Village.java", "Java", 56, 0, 0, 0, 0, 0, 0, 0, 10, 66
"c:\Users\mmduk\OneDrive\Documents\advanced-workspace\politicone.com\src\main\java\com\magma\quantum\politicone\entities\Ville.java", "Java", 66, 0, 0, 0, 0, 0, 0, 0, 8, 74
"c:\Users\mmduk\OneDrive\Documents\advanced-workspace\politicone.com\src\main\java\com\magma\quantum\politicone\repos\CelluleRepository.java", "Java", 7, 0, 0, 0, 0, 0, 0, 0, 5, 12
"c:\Users\mmduk\OneDrive\Documents\advanced-workspace\politicone.com\src\main\java\com\magma\quantum\politicone\repos\CommissionRepository.java", "Java", 5, 0, 0, 0, 0, 0, 0, 0, 5, 10
"c:\Users\mmduk\OneDrive\Documents\advanced-workspace\politicone.com\src\main\java\com\magma\quantum\politicone\repos\CommuneArrondRepository.java", "Java", 7, 0, 0, 0, 0, 0, 0, 0, 5, 12
"c:\Users\mmduk\OneDrive\Documents\advanced-workspace\politicone.com\src\main\java\com\magma\quantum\politicone\repos\CommuneRepository.java", "Java", 7, 0, 0, 0, 0, 0, 0, 0, 5, 12
"c:\Users\mmduk\OneDrive\Documents\advanced-workspace\politicone.com\src\main\java\com\magma\quantum\politicone\repos\CommunicationRepository.java", "Java", 7, 0, 0, 0, 0, 0, 0, 0, 5, 12
"c:\Users\mmduk\OneDrive\Documents\advanced-workspace\politicone.com\src\main\java\com\magma\quantum\politicone\repos\CoordinationRepository.java", "Java", 5, 0, 0, 0, 0, 0, 0, 0, 5, 10
"c:\Users\mmduk\OneDrive\Documents\advanced-workspace\politicone.com\src\main\java\com\magma\quantum\politicone\repos\DepartementRepository.java", "Java", 7, 0, 0, 0, 0, 0, 0, 0, 5, 12
"c:\Users\mmduk\OneDrive\Documents\advanced-workspace\politicone.com\src\main\java\com\magma\quantum\politicone\repos\EntiteRepository.java", "Java", 7, 0, 0, 0, 0, 0, 0, 0, 5, 12
"c:\Users\mmduk\OneDrive\Documents\advanced-workspace\politicone.com\src\main\java\com\magma\quantum\politicone\repos\FederationRepository.java", "Java", 7, 0, 0, 0, 0, 0, 0, 0, 5, 12
"c:\Users\mmduk\OneDrive\Documents\advanced-workspace\politicone.com\src\main\java\com\magma\quantum\politicone\repos\GradeRepository.java", "Java", 7, 0, 0, 0, 0, 0, 0, 0, 5, 12
"c:\Users\mmduk\OneDrive\Documents\advanced-workspace\politicone.com\src\main\java\com\magma\quantum\politicone\repos\LigueRepository.java", "Java", 7, 0, 0, 0, 0, 0, 0, 0, 5, 12
"c:\Users\mmduk\OneDrive\Documents\advanced-workspace\politicone.com\src\main\java\com\magma\quantum\politicone\repos\PaysRepository.java", "Java", 7, 0, 0, 0, 0, 0, 0, 0, 5, 12
"c:\Users\mmduk\OneDrive\Documents\advanced-workspace\politicone.com\src\main\java\com\magma\quantum\politicone\repos\QuartierRepository.java", "Java", 7, 0, 0, 0, 0, 0, 0, 0, 5, 12
"c:\Users\mmduk\OneDrive\Documents\advanced-workspace\politicone.com\src\main\java\com\magma\quantum\politicone\repos\RegionRepository.java", "Java", 7, 0, 0, 0, 0, 0, 0, 0, 6, 13
"c:\Users\mmduk\OneDrive\Documents\advanced-workspace\politicone.com\src\main\java\com\magma\quantum\politicone\repos\RoleRepository.java", "Java", 7, 0, 0, 0, 0, 0, 0, 0, 5, 12
"c:\Users\mmduk\OneDrive\Documents\advanced-workspace\politicone.com\src\main\java\com\magma\quantum\politicone\repos\UserRepository.java", "Java", 8, 0, 0, 0, 0, 0, 0, 0, 6, 14
"c:\Users\mmduk\OneDrive\Documents\advanced-workspace\politicone.com\src\main\java\com\magma\quantum\politicone\repos\VillageRepository.java", "Java", 7, 0, 0, 0, 0, 0, 0, 0, 5, 12
"c:\Users\mmduk\OneDrive\Documents\advanced-workspace\politicone.com\src\main\java\com\magma\quantum\politicone\repos\VilleRepository.java", "Java", 7, 0, 0, 0, 0, 0, 0, 0, 5, 12
"c:\Users\mmduk\OneDrive\Documents\advanced-workspace\politicone.com\src\main\java\com\magma\quantum\politicone\security\config\WebConfig.java", "Java", 10, 0, 0, 0, 0, 0, 0, 19, 5, 34
"c:\Users\mmduk\OneDrive\Documents\advanced-workspace\politicone.com\src\main\java\com\magma\quantum\politicone\security\config\WebSecurityConfig.java", "Java", 32, 0, 0, 0, 0, 0, 0, 55, 3, 90
"c:\Users\mmduk\OneDrive\Documents\advanced-workspace\politicone.com\src\main\java\com\magma\quantum\politicone\service\CelluleService.java", "Java", 10, 0, 0, 0, 0, 0, 0, 0, 11, 21
"c:\Users\mmduk\OneDrive\Documents\advanced-workspace\politicone.com\src\main\java\com\magma\quantum\politicone\service\CelluleServiceImpl.java", "Java", 37, 0, 0, 0, 0, 0, 0, 0, 18, 55
"c:\Users\mmduk\OneDrive\Documents\advanced-workspace\politicone.com\src\main\java\com\magma\quantum\politicone\service\CommissionService.java", "Java", 10, 0, 0, 0, 0, 0, 0, 0, 10, 20
"c:\Users\mmduk\OneDrive\Documents\advanced-workspace\politicone.com\src\main\java\com\magma\quantum\politicone\service\CommissionServiceImpl.java", "Java", 37, 0, 0, 0, 0, 0, 0, 0, 17, 54
"c:\Users\mmduk\OneDrive\Documents\advanced-workspace\politicone.com\src\main\java\com\magma\quantum\politicone\service\CommuneArrondService.java", "Java", 10, 0, 0, 0, 0, 0, 0, 0, 10, 20
"c:\Users\mmduk\OneDrive\Documents\advanced-workspace\politicone.com\src\main\java\com\magma\quantum\politicone\service\CommuneArrondServiceImpl.java", "Java", 37, 0, 0, 0, 0, 0, 0, 0, 16, 53
"c:\Users\mmduk\OneDrive\Documents\advanced-workspace\politicone.com\src\main\java\com\magma\quantum\politicone\service\CommuneService.java", "Java", 10, 0, 0, 0, 0, 0, 0, 0, 10, 20
"c:\Users\mmduk\OneDrive\Documents\advanced-workspace\politicone.com\src\main\java\com\magma\quantum\politicone\service\CommuneServiceImpl.java", "Java", 37, 0, 0, 0, 0, 0, 0, 0, 18, 55
"c:\Users\mmduk\OneDrive\Documents\advanced-workspace\politicone.com\src\main\java\com\magma\quantum\politicone\service\CommunicationService.java", "Java", 10, 0, 0, 0, 0, 0, 0, 0, 9, 19
"c:\Users\mmduk\OneDrive\Documents\advanced-workspace\politicone.com\src\main\java\com\magma\quantum\politicone\service\CommunicationServiceImpl.java", "Java", 37, 0, 0, 0, 0, 0, 0, 0, 16, 53
"c:\Users\mmduk\OneDrive\Documents\advanced-workspace\politicone.com\src\main\java\com\magma\quantum\politicone\service\CoordinationService.java", "Java", 10, 0, 0, 0, 0, 0, 0, 0, 10, 20
"c:\Users\mmduk\OneDrive\Documents\advanced-workspace\politicone.com\src\main\java\com\magma\quantum\politicone\service\CoordinationServiceImpl.java", "Java", 37, 0, 0, 0, 0, 0, 0, 0, 18, 55
"c:\Users\mmduk\OneDrive\Documents\advanced-workspace\politicone.com\src\main\java\com\magma\quantum\politicone\service\DepartementService.java", "Java", 10, 0, 0, 0, 0, 0, 0, 0, 10, 20
"c:\Users\mmduk\OneDrive\Documents\advanced-workspace\politicone.com\src\main\java\com\magma\quantum\politicone\service\DepartementServiceImpl.java", "Java", 37, 0, 0, 0, 0, 0, 0, 0, 18, 55
"c:\Users\mmduk\OneDrive\Documents\advanced-workspace\politicone.com\src\main\java\com\magma\quantum\politicone\service\EntiteService.java", "Java", 10, 0, 0, 0, 0, 0, 0, 0, 9, 19
"c:\Users\mmduk\OneDrive\Documents\advanced-workspace\politicone.com\src\main\java\com\magma\quantum\politicone\service\EntiteServiceImpl.java", "Java", 37, 0, 0, 0, 0, 0, 0, 0, 18, 55
"c:\Users\mmduk\OneDrive\Documents\advanced-workspace\politicone.com\src\main\java\com\magma\quantum\politicone\service\FederationService.java", "Java", 10, 0, 0, 0, 0, 0, 0, 0, 9, 19
"c:\Users\mmduk\OneDrive\Documents\advanced-workspace\politicone.com\src\main\java\com\magma\quantum\politicone\service\FederationServiceImpl.java", "Java", 37, 0, 0, 0, 0, 0, 0, 0, 19, 56
"c:\Users\mmduk\OneDrive\Documents\advanced-workspace\politicone.com\src\main\java\com\magma\quantum\politicone\service\GradeService.java", "Java", 10, 0, 0, 0, 0, 0, 0, 0, 10, 20
"c:\Users\mmduk\OneDrive\Documents\advanced-workspace\politicone.com\src\main\java\com\magma\quantum\politicone\service\GradeServiceImpl.java", "Java", 37, 0, 0, 0, 0, 0, 0, 0, 19, 56
"c:\Users\mmduk\OneDrive\Documents\advanced-workspace\politicone.com\src\main\java\com\magma\quantum\politicone\service\LigueService.java", "Java", 10, 0, 0, 0, 0, 0, 0, 0, 10, 20
"c:\Users\mmduk\OneDrive\Documents\advanced-workspace\politicone.com\src\main\java\com\magma\quantum\politicone\service\LigueServiceImpl.java", "Java", 37, 0, 0, 0, 0, 0, 0, 0, 19, 56
"c:\Users\mmduk\OneDrive\Documents\advanced-workspace\politicone.com\src\main\java\com\magma\quantum\politicone\service\PaysService.java", "Java", 10, 0, 0, 0, 0, 0, 0, 0, 10, 20
"c:\Users\mmduk\OneDrive\Documents\advanced-workspace\politicone.com\src\main\java\com\magma\quantum\politicone\service\PaysServiceImpl.java", "Java", 37, 0, 0, 0, 0, 0, 0, 0, 20, 57
"c:\Users\mmduk\OneDrive\Documents\advanced-workspace\politicone.com\src\main\java\com\magma\quantum\politicone\service\QuartierService.java", "Java", 10, 0, 0, 0, 0, 0, 0, 0, 9, 19
"c:\Users\mmduk\OneDrive\Documents\advanced-workspace\politicone.com\src\main\java\com\magma\quantum\politicone\service\QuartierServiceImpl.java", "Java", 37, 0, 0, 0, 0, 0, 0, 0, 19, 56
"c:\Users\mmduk\OneDrive\Documents\advanced-workspace\politicone.com\src\main\java\com\magma\quantum\politicone\service\RegionService.java", "Java", 10, 0, 0, 0, 0, 0, 0, 0, 11, 21
"c:\Users\mmduk\OneDrive\Documents\advanced-workspace\politicone.com\src\main\java\com\magma\quantum\politicone\service\RegionServiceImpl.java", "Java", 37, 0, 0, 0, 0, 0, 0, 0, 19, 56
"c:\Users\mmduk\OneDrive\Documents\advanced-workspace\politicone.com\src\main\java\com\magma\quantum\politicone\service\RoleService.java", "Java", 10, 0, 0, 0, 0, 0, 0, 0, 10, 20
"c:\Users\mmduk\OneDrive\Documents\advanced-workspace\politicone.com\src\main\java\com\magma\quantum\politicone\service\RoleServiceImpl.java", "Java", 37, 0, 0, 0, 0, 0, 0, 0, 18, 55
"c:\Users\mmduk\OneDrive\Documents\advanced-workspace\politicone.com\src\main\java\com\magma\quantum\politicone\service\SecurityService.java", "Java", 4, 0, 0, 0, 0, 0, 0, 0, 4, 8
"c:\Users\mmduk\OneDrive\Documents\advanced-workspace\politicone.com\src\main\java\com\magma\quantum\politicone\service\SecurityServiceImpl.java", "Java", 27, 0, 0, 0, 0, 0, 0, 0, 10, 37
"c:\Users\mmduk\OneDrive\Documents\advanced-workspace\politicone.com\src\main\java\com\magma\quantum\politicone\service\UserDetailsServiceImpl.java", "Java", 23, 0, 0, 0, 0, 0, 0, 0, 11, 34
"c:\Users\mmduk\OneDrive\Documents\advanced-workspace\politicone.com\src\main\java\com\magma\quantum\politicone\service\UserService.java", "Java", 10, 0, 0, 0, 0, 0, 0, 0, 9, 19
"c:\Users\mmduk\OneDrive\Documents\advanced-workspace\politicone.com\src\main\java\com\magma\quantum\politicone\service\UserServiceImpl.java", "Java", 37, 0, 0, 0, 0, 0, 0, 0, 20, 57
"c:\Users\mmduk\OneDrive\Documents\advanced-workspace\politicone.com\src\main\java\com\magma\quantum\politicone\service\VillageService.java", "Java", 10, 0, 0, 0, 0, 0, 0, 0, 10, 20
"c:\Users\mmduk\OneDrive\Documents\advanced-workspace\politicone.com\src\main\java\com\magma\quantum\politicone\service\VillageServiceImpl.java", "Java", 37, 0, 0, 0, 0, 0, 0, 0, 18, 55
"c:\Users\mmduk\OneDrive\Documents\advanced-workspace\politicone.com\src\main\java\com\magma\quantum\politicone\service\VilleService.java", "Java", 10, 0, 0, 0, 0, 0, 0, 0, 9, 19
"c:\Users\mmduk\OneDrive\Documents\advanced-workspace\politicone.com\src\main\java\com\magma\quantum\politicone\service\VilleServiceImpl.java", "Java", 37, 0, 0, 0, 0, 0, 0, 0, 17, 54
"c:\Users\mmduk\OneDrive\Documents\advanced-workspace\politicone.com\src\main\java\com\magma\quantum\politicone\util\EmailUtil.java", "Java", 27, 0, 0, 0, 0, 0, 0, 0, 11, 38
"c:\Users\mmduk\OneDrive\Documents\advanced-workspace\politicone.com\src\main\resources\application.properties", "Java Properties", 0, 0, 0, 0, 0, 0, 25, 10, 9, 44
"c:\Users\mmduk\OneDrive\Documents\advanced-workspace\politicone.com\src\main\resources\static\css\amazingslider-1.css", "CSS", 0, 0, 0, 0, 660, 0, 0, 21, 62, 743
"c:\Users\mmduk\OneDrive\Documents\advanced-workspace\politicone.com\src\main\resources\static\css\demo.css", "CSS", 0, 0, 0, 0, 438, 0, 0, 4, 12, 454
"c:\Users\mmduk\OneDrive\Documents\advanced-workspace\politicone.com\src\main\resources\static\css\examples.css", "CSS", 0, 0, 0, 0, 1054, 0, 0, 32, 50, 1136
"c:\Users\mmduk\OneDrive\Documents\advanced-workspace\politicone.com\src\main\resources\static\css\fixed-positioning.css", "CSS", 0, 0, 0, 0, 20, 0, 0, 19, 8, 47
"c:\Users\mmduk\OneDrive\Documents\advanced-workspace\politicone.com\src\main\resources\static\css\jquery-ui.css", "CSS", 0, 0, 0, 0, 1222, 0, 0, 48, 43, 1313
"c:\Users\mmduk\OneDrive\Documents\advanced-workspace\politicone.com\src\main\resources\static\css\main.css", "CSS", 0, 0, 0, 0, 208, 0, 0, 3, 36, 247
"c:\Users\mmduk\OneDrive\Documents\advanced-workspace\politicone.com\src\main\resources\static\css\normalize.css", "CSS", 0, 0, 0, 0, 179, 0, 0, 159, 85, 423
"c:\Users\mmduk\OneDrive\Documents\advanced-workspace\politicone.com\src\main\resources\static\css\politiconeCss.css", "CSS", 0, 0, 0, 0, 67, 0, 0, 22, 7, 96
"c:\Users\mmduk\OneDrive\Documents\advanced-workspace\politicone.com\src\main\resources\static\css\style.css", "CSS", 0, 0, 0, 0, 64, 0, 0, 3, 5, 72
"c:\Users\mmduk\OneDrive\Documents\advanced-workspace\politicone.com\src\main\resources\static\js\amazingslider-1.css", "CSS", 0, 0, 0, 0, 660, 0, 0, 21, 62, 743
"c:\Users\mmduk\OneDrive\Documents\advanced-workspace\politicone.com\src\main\resources\static\js\amazingslider.js", "JavaScript", 0, 0, 428, 0, 0, 0, 0, 5, 1, 434
"c:\Users\mmduk\OneDrive\Documents\advanced-workspace\politicone.com\src\main\resources\static\js\custom.js", "JavaScript", 0, 0, 9, 0, 0, 0, 0, 3, 1, 13
"c:\Users\mmduk\OneDrive\Documents\advanced-workspace\politicone.com\src\main\resources\static\js\customSliderScript.js", "JavaScript", 0, 0, 13, 0, 0, 0, 0, 3, 0, 16
"c:\Users\mmduk\OneDrive\Documents\advanced-workspace\politicone.com\src\main\resources\static\js\demo.js", "JavaScript", 0, 0, 102, 0, 0, 0, 0, 13, 6, 121
"c:\Users\mmduk\OneDrive\Documents\advanced-workspace\politicone.com\src\main\resources\static\js\examples.js", "JavaScript", 0, 0, 345, 0, 0, 0, 0, 20, 47, 412
"c:\Users\mmduk\OneDrive\Documents\advanced-workspace\politicone.com\src\main\resources\static\js\initslider-1.js", "JavaScript", 0, 0, 208, 0, 0, 0, 0, 0, 209, 417
"c:\Users\mmduk\OneDrive\Documents\advanced-workspace\politicone.com\src\main\resources\static\js\jquery-ui.js", "JavaScript", 0, 0, 13563, 0, 0, 0, 0, 2075, 3068, 18706
"c:\Users\mmduk\OneDrive\Documents\advanced-workspace\politicone.com\src\main\resources\static\js\jquery.js", "JavaScript", 0, 0, 3, 0, 0, 0, 0, 1, 0, 4
"c:\Users\mmduk\OneDrive\Documents\advanced-workspace\politicone.com\src\main\resources\static\js\jquery.localScroll.js", "JavaScript", 0, 0, 72, 0, 0, 0, 0, 23, 19, 114
"c:\Users\mmduk\OneDrive\Documents\advanced-workspace\politicone.com\src\main\resources\static\js\jquery.scrollTo.js", "JavaScript", 0, 0, 145, 0, 0, 0, 0, 40, 26, 211
"c:\Users\mmduk\OneDrive\Documents\advanced-workspace\politicone.com\src\main\resources\static\js\lib\greensock\TimelineLite.min.js", "JavaScript", 0, 0, 1, 0, 0, 0, 0, 11, 0, 12
"c:\Users\mmduk\OneDrive\Documents\advanced-workspace\politicone.com\src\main\resources\static\js\lib\greensock\TimelineMax.min.js", "JavaScript", 0, 0, 1, 0, 0, 0, 0, 11, 0, 12
"c:\Users\mmduk\OneDrive\Documents\advanced-workspace\politicone.com\src\main\resources\static\js\lib\greensock\TweenLite.min.js", "JavaScript", 0, 0, 1, 0, 0, 0, 0, 11, 0, 12
"c:\Users\mmduk\OneDrive\Documents\advanced-workspace\politicone.com\src\main\resources\static\js\lib\greensock\TweenMax.min.js", "JavaScript", 0, 0, 4, 0, 0, 0, 0, 13, 0, 17
"c:\Users\mmduk\OneDrive\Documents\advanced-workspace\politicone.com\src\main\resources\static\js\lib\greensock\easing\EasePack.min.js", "JavaScript", 0, 0, 1, 0, 0, 0, 0, 11, 0, 12
"c:\Users\mmduk\OneDrive\Documents\advanced-workspace\politicone.com\src\main\resources\static\js\lib\greensock\jquery.gsap.min.js", "JavaScript", 0, 0, 1, 0, 0, 0, 0, 13, 0, 14
"c:\Users\mmduk\OneDrive\Documents\advanced-workspace\politicone.com\src\main\resources\static\js\lib\greensock\plugins\AttrPlugin.min.js", "JavaScript", 0, 0, 1, 0, 0, 0, 0, 11, 0, 12
"c:\Users\mmduk\OneDrive\Documents\advanced-workspace\politicone.com\src\main\resources\static\js\lib\greensock\plugins\BezierPlugin.min.js", "JavaScript", 0, 0, 1, 0, 0, 0, 0, 11, 0, 12
"c:\Users\mmduk\OneDrive\Documents\advanced-workspace\politicone.com\src\main\resources\static\js\lib\greensock\plugins\CSSPlugin.min.js", "JavaScript", 0, 0, 2, 0, 0, 0, 0, 11, 0, 13
"c:\Users\mmduk\OneDrive\Documents\advanced-workspace\politicone.com\src\main\resources\static\js\lib\greensock\plugins\CSSRulePlugin.min.js", "JavaScript", 0, 0, 1, 0, 0, 0, 0, 11, 0, 12
"c:\Users\mmduk\OneDrive\Documents\advanced-workspace\politicone.com\src\main\resources\static\js\lib\greensock\plugins\ColorPropsPlugin.min.js", "JavaScript", 0, 0, 1, 0, 0, 0, 0, 11, 0, 12
"c:\Users\mmduk\OneDrive\Documents\advanced-workspace\politicone.com\src\main\resources\static\js\lib\greensock\plugins\DirectionalRotationPlugin.min.js", "JavaScript", 0, 0, 1, 0, 0, 0, 0, 11, 0, 12
"c:\Users\mmduk\OneDrive\Documents\advanced-workspace\politicone.com\src\main\resources\static\js\lib\greensock\plugins\EaselPlugin.min.js", "JavaScript", 0, 0, 1, 0, 0, 0, 0, 11, 0, 12
"c:\Users\mmduk\OneDrive\Documents\advanced-workspace\politicone.com\src\main\resources\static\js\lib\greensock\plugins\EndArrayPlugin.min.js", "JavaScript", 0, 0, 1, 0, 0, 0, 0, 11, 0, 12
"c:\Users\mmduk\OneDrive\Documents\advanced-workspace\politicone.com\src\main\resources\static\js\lib\greensock\plugins\KineticPlugin.min.js", "JavaScript", 0, 0, 1, 0, 0, 0, 0, 11, 0, 12
"c:\Users\mmduk\OneDrive\Documents\advanced-workspace\politicone.com\src\main\resources\static\js\lib\greensock\plugins\RaphaelPlugin.min.js", "JavaScript", 0, 0, 1, 0, 0, 0, 0, 11, 0, 12
"c:\Users\mmduk\OneDrive\Documents\advanced-workspace\politicone.com\src\main\resources\static\js\lib\greensock\plugins\RoundPropsPlugin.min.js", "JavaScript", 0, 0, 1, 0, 0, 0, 0, 11, 0, 12
"c:\Users\mmduk\OneDrive\Documents\advanced-workspace\politicone.com\src\main\resources\static\js\lib\greensock\plugins\ScrollToPlugin.min.js", "JavaScript", 0, 0, 1, 0, 0, 0, 0, 11, 0, 12
"c:\Users\mmduk\OneDrive\Documents\advanced-workspace\politicone.com\src\main\resources\static\js\lib\greensock\plugins\TextPlugin.min.js", "JavaScript", 0, 0, 1, 0, 0, 0, 0, 11, 0, 12
"c:\Users\mmduk\OneDrive\Documents\advanced-workspace\politicone.com\src\main\resources\static\js\lib\greensock\utils\Draggable.min.js", "JavaScript", 0, 0, 1, 0, 0, 0, 0, 13, 0, 14
"c:\Users\mmduk\OneDrive\Documents\advanced-workspace\politicone.com\src\main\resources\static\js\lib\highlight.pack.js", "JavaScript", 0, 0, 1, 0, 0, 0, 0, 0, 0, 1
"c:\Users\mmduk\OneDrive\Documents\advanced-workspace\politicone.com\src\main\resources\static\js\lib\iscroll-probe.js", "JavaScript", 0, 0, 1586, 0, 0, 0, 0, 43, 409, 2038
"c:\Users\mmduk\OneDrive\Documents\advanced-workspace\politicone.com\src\main\resources\static\js\lib\jquery.min.js", "JavaScript", 0, 0, 3, 0, 0, 0, 0, 1, 0, 4
"c:\Users\mmduk\OneDrive\Documents\advanced-workspace\politicone.com\src\main\resources\static\js\lib\modernizr.custom.min.js", "JavaScript", 0, 0, 1, 0, 0, 0, 0, 3, 0, 4
"c:\Users\mmduk\OneDrive\Documents\advanced-workspace\politicone.com\src\main\resources\static\js\lib\velocity.min.js", "JavaScript", 0, 0, 1, 0, 0, 0, 0, 3, 0, 4
"c:\Users\mmduk\OneDrive\Documents\advanced-workspace\politicone.com\src\main\resources\static\js\skrollr.min.js", "JavaScript", 0, 0, 1, 0, 0, 0, 0, 1, 0, 2
"c:\Users\mmduk\OneDrive\Documents\advanced-workspace\politicone.com\src\main\resources\static\js\tracking.js", "JavaScript", 0, 0, 3, 0, 0, 0, 0, 0, 1, 4
"c:\Users\mmduk\OneDrive\Documents\advanced-workspace\politicone.com\src\main\webapp\WEB-INF\jsps\createCellule.jsp", "HTML", 0, 39, 0, 0, 0, 0, 0, 0, 7, 46
"c:\Users\mmduk\OneDrive\Documents\advanced-workspace\politicone.com\src\main\webapp\WEB-INF\jsps\createCommission.jsp", "HTML", 0, 39, 0, 0, 0, 0, 0, 0, 3, 42
"c:\Users\mmduk\OneDrive\Documents\advanced-workspace\politicone.com\src\main\webapp\WEB-INF\jsps\createCommune.jsp", "HTML", 0, 42, 0, 0, 0, 0, 0, 0, 4, 46
"c:\Users\mmduk\OneDrive\Documents\advanced-workspace\politicone.com\src\main\webapp\WEB-INF\jsps\createCommuneArrond.jsp", "HTML", 0, 35, 0, 0, 0, 0, 0, 0, 7, 42
"c:\Users\mmduk\OneDrive\Documents\advanced-workspace\politicone.com\src\main\webapp\WEB-INF\jsps\createCommunication.jsp", "HTML", 0, 36, 0, 0, 0, 0, 0, 0, 5, 41
"c:\Users\mmduk\OneDrive\Documents\advanced-workspace\politicone.com\src\main\webapp\WEB-INF\jsps\createCoordination.jsp", "HTML", 0, 41, 0, 0, 0, 0, 0, 0, 6, 47
"c:\Users\mmduk\OneDrive\Documents\advanced-workspace\politicone.com\src\main\webapp\WEB-INF\jsps\createDepartement.jsp", "HTML", 0, 37, 0, 0, 0, 0, 0, 0, 6, 43
"c:\Users\mmduk\OneDrive\Documents\advanced-workspace\politicone.com\src\main\webapp\WEB-INF\jsps\createEntite.jsp", "HTML", 0, 32, 0, 0, 0, 0, 0, 0, 8, 40
"c:\Users\mmduk\OneDrive\Documents\advanced-workspace\politicone.com\src\main\webapp\WEB-INF\jsps\createFederation.jsp", "HTML", 0, 43, 0, 0, 0, 0, 0, 0, 3, 46
"c:\Users\mmduk\OneDrive\Documents\advanced-workspace\politicone.com\src\main\webapp\WEB-INF\jsps\createGrade.jsp", "HTML", 0, 31, 0, 0, 0, 0, 0, 0, 5, 36
"c:\Users\mmduk\OneDrive\Documents\advanced-workspace\politicone.com\src\main\webapp\WEB-INF\jsps\createLigue.jsp", "HTML", 0, 36, 0, 0, 0, 0, 0, 0, 5, 41
"c:\Users\mmduk\OneDrive\Documents\advanced-workspace\politicone.com\src\main\webapp\WEB-INF\jsps\createPays.jsp", "HTML", 0, 36, 0, 0, 0, 0, 0, 0, 9, 45
"c:\Users\mmduk\OneDrive\Documents\advanced-workspace\politicone.com\src\main\webapp\WEB-INF\jsps\createQuartier.jsp", "HTML", 0, 39, 0, 0, 0, 0, 0, 0, 4, 43
"c:\Users\mmduk\OneDrive\Documents\advanced-workspace\politicone.com\src\main\webapp\WEB-INF\jsps\createRegion.jsp", "HTML", 0, 36, 0, 0, 0, 0, 0, 0, 8, 44
"c:\Users\mmduk\OneDrive\Documents\advanced-workspace\politicone.com\src\main\webapp\WEB-INF\jsps\createRole.jsp", "HTML", 0, 33, 0, 0, 0, 0, 0, 0, 5, 38
"c:\Users\mmduk\OneDrive\Documents\advanced-workspace\politicone.com\src\main\webapp\WEB-INF\jsps\createUser.jsp", "HTML", 0, 55, 0, 0, 0, 0, 0, 0, 5, 60
"c:\Users\mmduk\OneDrive\Documents\advanced-workspace\politicone.com\src\main\webapp\WEB-INF\jsps\createVillage.jsp", "HTML", 0, 36, 0, 0, 0, 0, 0, 0, 5, 41
"c:\Users\mmduk\OneDrive\Documents\advanced-workspace\politicone.com\src\main\webapp\WEB-INF\jsps\createVille.jsp", "HTML", 0, 35, 0, 0, 0, 0, 0, 0, 5, 40
"c:\Users\mmduk\OneDrive\Documents\advanced-workspace\politicone.com\src\main\webapp\WEB-INF\jsps\displayCellules.jsp", "HTML", 0, 29, 0, 0, 0, 0, 0, 0, 2, 31
"c:\Users\mmduk\OneDrive\Documents\advanced-workspace\politicone.com\src\main\webapp\WEB-INF\jsps\displayCommissions.jsp", "HTML", 0, 29, 0, 0, 0, 0, 0, 0, 2, 31
"c:\Users\mmduk\OneDrive\Documents\advanced-workspace\politicone.com\src\main\webapp\WEB-INF\jsps\displayCommuneArronds.jsp", "HTML", 0, 29, 0, 0, 0, 0, 0, 0, 2, 31
"c:\Users\mmduk\OneDrive\Documents\advanced-workspace\politicone.com\src\main\webapp\WEB-INF\jsps\displayCommunes.jsp", "HTML", 0, 29, 0, 0, 0, 0, 0, 0, 2, 31
"c:\Users\mmduk\OneDrive\Documents\advanced-workspace\politicone.com\src\main\webapp\WEB-INF\jsps\displayCommunications.jsp", "HTML", 0, 31, 0, 0, 0, 0, 0, 0, 2, 33
"c:\Users\mmduk\OneDrive\Documents\advanced-workspace\politicone.com\src\main\webapp\WEB-INF\jsps\displayCoordinations.jsp", "HTML", 0, 29, 0, 0, 0, 0, 0, 0, 2, 31
"c:\Users\mmduk\OneDrive\Documents\advanced-workspace\politicone.com\src\main\webapp\WEB-INF\jsps\displayDepartements.jsp", "HTML", 0, 29, 0, 0, 0, 0, 0, 0, 2, 31
"c:\Users\mmduk\OneDrive\Documents\advanced-workspace\politicone.com\src\main\webapp\WEB-INF\jsps\displayEntites.jsp", "HTML", 0, 29, 0, 0, 0, 0, 0, 0, 2, 31
"c:\Users\mmduk\OneDrive\Documents\advanced-workspace\politicone.com\src\main\webapp\WEB-INF\jsps\displayFederations.jsp", "HTML", 0, 29, 0, 0, 0, 0, 0, 0, 2, 31
"c:\Users\mmduk\OneDrive\Documents\advanced-workspace\politicone.com\src\main\webapp\WEB-INF\jsps\displayGrades.jsp", "HTML", 0, 29, 0, 0, 0, 0, 0, 0, 2, 31
"c:\Users\mmduk\OneDrive\Documents\advanced-workspace\politicone.com\src\main\webapp\WEB-INF\jsps\displayLigues.jsp", "HTML", 0, 29, 0, 0, 0, 0, 0, 0, 2, 31
"c:\Users\mmduk\OneDrive\Documents\advanced-workspace\politicone.com\src\main\webapp\WEB-INF\jsps\displayPayss.jsp", "HTML", 0, 32, 0, 0, 0, 0, 0, 0, 2, 34
"c:\Users\mmduk\OneDrive\Documents\advanced-workspace\politicone.com\src\main\webapp\WEB-INF\jsps\displayQuartiers.jsp", "HTML", 0, 29, 0, 0, 0, 0, 0, 0, 2, 31
"c:\Users\mmduk\OneDrive\Documents\advanced-workspace\politicone.com\src\main\webapp\WEB-INF\jsps\displayRegions.jsp", "HTML", 0, 29, 0, 0, 0, 0, 0, 0, 2, 31
"c:\Users\mmduk\OneDrive\Documents\advanced-workspace\politicone.com\src\main\webapp\WEB-INF\jsps\displayRoles.jsp", "HTML", 0, 27, 0, 0, 0, 0, 0, 0, 2, 29
"c:\Users\mmduk\OneDrive\Documents\advanced-workspace\politicone.com\src\main\webapp\WEB-INF\jsps\displayUsers.jsp", "HTML", 0, 39, 0, 0, 0, 0, 0, 0, 5, 44
"c:\Users\mmduk\OneDrive\Documents\advanced-workspace\politicone.com\src\main\webapp\WEB-INF\jsps\displayVillages.jsp", "HTML", 0, 29, 0, 0, 0, 0, 0, 0, 2, 31
"c:\Users\mmduk\OneDrive\Documents\advanced-workspace\politicone.com\src\main\webapp\WEB-INF\jsps\displayVilles.jsp", "HTML", 0, 29, 0, 0, 0, 0, 0, 0, 2, 31
"c:\Users\mmduk\OneDrive\Documents\advanced-workspace\politicone.com\src\main\webapp\WEB-INF\jsps\fragments\footer.html", "HTML", 0, 20, 0, 0, 0, 0, 0, 0, 2, 22
"c:\Users\mmduk\OneDrive\Documents\advanced-workspace\politicone.com\src\main\webapp\WEB-INF\jsps\fragments\header.html", "HTML", 0, 31, 0, 0, 0, 0, 0, 0, 17, 48
"c:\Users\mmduk\OneDrive\Documents\advanced-workspace\politicone.com\src\main\webapp\WEB-INF\jsps\fragments\menuBar.html", "HTML", 0, 132, 0, 0, 0, 0, 0, 0, 18, 150
"c:\Users\mmduk\OneDrive\Documents\advanced-workspace\politicone.com\src\main\webapp\WEB-INF\jsps\login\login.jsp", "HTML", 0, 21, 0, 0, 0, 0, 0, 0, 0, 21
"c:\Users\mmduk\OneDrive\Documents\advanced-workspace\politicone.com\src\main\webapp\WEB-INF\jsps\login\registerUser.jsp", "HTML", 0, 21, 0, 0, 0, 0, 0, 0, 1, 22
"c:\Users\mmduk\OneDrive\Documents\advanced-workspace\politicone.com\src\main\webapp\WEB-INF\jsps\updateCellule.jsp", "HTML", 0, 25, 0, 0, 0, 0, 0, 0, 0, 25
"c:\Users\mmduk\OneDrive\Documents\advanced-workspace\politicone.com\src\main\webapp\WEB-INF\jsps\updateCommission.jsp", "HTML", 0, 26, 0, 0, 0, 0, 0, 0, 0, 26
"c:\Users\mmduk\OneDrive\Documents\advanced-workspace\politicone.com\src\main\webapp\WEB-INF\jsps\updateCommune.jsp", "HTML", 0, 25, 0, 0, 0, 0, 0, 0, 0, 25
"c:\Users\mmduk\OneDrive\Documents\advanced-workspace\politicone.com\src\main\webapp\WEB-INF\jsps\updateCommuneArrond.jsp", "HTML", 0, 25, 0, 0, 0, 0, 0, 0, 0, 25
"c:\Users\mmduk\OneDrive\Documents\advanced-workspace\politicone.com\src\main\webapp\WEB-INF\jsps\updateCommunication.jsp", "HTML", 0, 26, 0, 0, 0, 0, 0, 0, 0, 26
"c:\Users\mmduk\OneDrive\Documents\advanced-workspace\politicone.com\src\main\webapp\WEB-INF\jsps\updateCoordination.jsp", "HTML", 0, 25, 0, 0, 0, 0, 0, 0, 0, 25
"c:\Users\mmduk\OneDrive\Documents\advanced-workspace\politicone.com\src\main\webapp\WEB-INF\jsps\updateDepartement.jsp", "HTML", 0, 27, 0, 0, 0, 0, 0, 0, 1, 28
"c:\Users\mmduk\OneDrive\Documents\advanced-workspace\politicone.com\src\main\webapp\WEB-INF\jsps\updateEntite.jsp", "HTML", 0, 23, 0, 0, 0, 0, 0, 0, 0, 23
"c:\Users\mmduk\OneDrive\Documents\advanced-workspace\politicone.com\src\main\webapp\WEB-INF\jsps\updateFederation.jsp", "HTML", 0, 26, 0, 0, 0, 0, 0, 0, 2, 28
"c:\Users\mmduk\OneDrive\Documents\advanced-workspace\politicone.com\src\main\webapp\WEB-INF\jsps\updateGrade.jsp", "HTML", 0, 23, 0, 0, 0, 0, 0, 0, 0, 23
"c:\Users\mmduk\OneDrive\Documents\advanced-workspace\politicone.com\src\main\webapp\WEB-INF\jsps\updateLigue.jsp", "HTML", 0, 25, 0, 0, 0, 0, 0, 0, 0, 25
"c:\Users\mmduk\OneDrive\Documents\advanced-workspace\politicone.com\src\main\webapp\WEB-INF\jsps\updatePays.jsp", "HTML", 0, 22, 0, 0, 0, 0, 0, 0, 0, 22
"c:\Users\mmduk\OneDrive\Documents\advanced-workspace\politicone.com\src\main\webapp\WEB-INF\jsps\updateQuartier.jsp", "HTML", 0, 25, 0, 0, 0, 0, 0, 0, 0, 25
"c:\Users\mmduk\OneDrive\Documents\advanced-workspace\politicone.com\src\main\webapp\WEB-INF\jsps\updateRegion.jsp", "HTML", 0, 25, 0, 0, 0, 0, 0, 0, 0, 25
"c:\Users\mmduk\OneDrive\Documents\advanced-workspace\politicone.com\src\main\webapp\WEB-INF\jsps\updateRole.jsp", "HTML", 0, 22, 0, 0, 0, 0, 0, 0, 0, 22
"c:\Users\mmduk\OneDrive\Documents\advanced-workspace\politicone.com\src\main\webapp\WEB-INF\jsps\updateUser.jsp", "HTML", 0, 28, 0, 0, 0, 0, 0, 0, 1, 29
"c:\Users\mmduk\OneDrive\Documents\advanced-workspace\politicone.com\src\main\webapp\WEB-INF\jsps\updateVillage.jsp", "HTML", 0, 26, 0, 0, 0, 0, 0, 0, 0, 26
"c:\Users\mmduk\OneDrive\Documents\advanced-workspace\politicone.com\src\main\webapp\WEB-INF\jsps\updateVille.jsp", "HTML", 0, 26, 0, 0, 0, 0, 0, 0, 0, 26
"c:\Users\mmduk\OneDrive\Documents\advanced-workspace\politicone.com\src\main\webapp\index.html", "HTML", 0, 17, 0, 0, 0, 0, 0, 0, 8, 25
"c:\Users\mmduk\OneDrive\Documents\advanced-workspace\politicone.com\src\main\webapp\index1.html", "HTML", 0, 9, 0, 0, 0, 0, 0, 0, 4, 13
"c:\Users\mmduk\OneDrive\Documents\advanced-workspace\politicone.com\src\test\java\com\magma\quantum\politicone\PoliticoneApplicationTests.java", "Java", 12, 0, 0, 0, 0, 0, 0, 0, 5, 17
"Total", "-", 3660, 1917, 16508, 146, 4572, 67, 26, 2993, 5723, 35612